{"data": [{"image_id": "1ae5e91e25c37fc2", "ocr_tokens": [], "ocr_info": []}, {"image_id": "1a7d8713b01c1ed4", "ocr_tokens": ["Arsenal", "Arsenal", "RAVEI", "V", "Thomsor"], "ocr_info": [{"word": "Arsenal", "bounding_box": {"width": 0.04186248779296875, "height": 0.02437591552734375, "rotation": 0, "roll": 0, "pitch": 0, "yaw": 0, "top_left_x": 0.12683846056461334, "top_left_y": 0.3417593538761139}}, {"word": "Arsenal", "bounding_box": {"width": 0.20340496301651, "height": 0.06315556913614273, "rotation": 0, "roll": 0, "pitch": 0, "yaw": 0.3725101947784424, "top_left_x": 0.1953856348991394, "top_left_y": 0.32551848888397217}}, {"word": "RAVEI", "bounding_box": {"width": 0.1443459391593933, "height": 0.0430806465446949, "rotation": 0, "roll": 0, "pitch": 0, "yaw": 0.3725101947784424, "top_left_x": 0.41793954372406006, "top_left_y": 0.3349985182285309}}, {"word": "V", "bounding_box": {"width": 0.07076049596071243, "height": 0.04350464046001434, "rotation": 0, "roll": 0, "pitch": 0, "yaw": 0.3725101947784424, "top_left_x": 0.6783251166343689, "top_left_y": 0.32708078622817993}}, {"word": "Thomsor", "bounding_box": {"width": 0.207866370677948, "height": 0.05713409185409546, "rotation": 0, "roll": 0, "pitch": 0, "yaw": 0.3725101947784424, "top_left_x": 0.7504667043685913, "top_left_y": 0.31209269165992737}}]}, {"image_id": "1a8660659b3f4ac0", "ocr_tokens": ["ARICD", "SOO", "OL", "LOOEV", "THOSE", "FOR"], "ocr_info": [{"word": "ARICD", "bounding_box": {"width": 0.4424530863761902, "height": 0.21401095390319824, "rotation": 0, "roll": 0, "pitch": 0, "yaw": -84.03984069824219, "top_left_x": 0.37105244398117065, "top_left_y": 0.726746678352356}}, {"word": "SOO", "bounding_box": {"width": 0.04185737669467926, "height": 0.12318461388349533, "rotation": 0, "roll": 0, "pitch": 0, "yaw": -0.3725101947784424, "top_left_x": 0.5450620055198669, "top_left_y": 0.1726989895105362}}, {"word": "OL", "bounding_box": {"width": 0.04294262081384659, "height": 0.04006464406847954, "rotation": 0, "roll": 0, "pitch": 0, "yaw": 82.17728424072266, "top_left_x": 0.5900218486785889, "top_left_y": 0.29835039377212524}}, {"word": "LOOEV", "bounding_box": {"width": 0.10233943164348602, "height": 0.0415470115840435, "rotation": 0, "roll": 0, "pitch": 0, "yaw": 80.31473541259766, "top_left_x": 0.5975944995880127, "top_left_y": 0.3600318431854248}}, {"word": "THOSE", "bounding_box": {"width": 0.08717196434736252, "height": 0.05441831052303314, "rotation": 0, "roll": 0, "pitch": 0, "yaw": -79.19720458984375, "top_left_x": 0.55240797996521, "top_left_y": 0.616895854473114}}, {"word": "FOR", "bounding_box": {"width": 0.05628412589430809, "height": 0.030535301193594933, "rotation": 0, "roll": 0, "pitch": 0, "yaw": -73.03785705566406, "top_left_x": 0.5419796705245972, "top_left_y": 0.6974552869796753}}]}, {"image_id": "1a41b139f2dfc507", "ocr_tokens": ["GIANT", "GIANT", "EAGLE", "GIANT", "EAGLE", "EAGLE", "EAGLE", "EDIRD", "EARAGE", "54"], "ocr_info": [{"word": "GIANT", "bounding_box": {"width": 0.05855422839522362, "height": 0.024818751960992813, "rotation": 0, "roll": 0, "pitch": 0, "yaw": 0.3725101947784424, "top_left_x": 0.07632910460233688, "top_left_y": 0.11754714697599411}}, {"word": "GIANT", "bounding_box": {"width": 0.054541777819395065, "height": 0.01952262967824936, "rotation": 0, "roll": 0, "pitch": 0, "yaw": 0.3725101947784424, "top_left_x": 0.4720369875431061, "top_left_y": 0.12152562290430069}}, {"word": "EAGLE", "bounding_box": {"width": 0.054563142359256744, "height": 0.02583712339401245, "rotation": 0, "roll": 0, "pitch": 0, "yaw": 0, "top_left_x": 0.4716969430446625, "top_left_y": 0.13280993700027466}}, {"word": "GIANT", "bounding_box": {"width": 0.05716446042060852, "height": 0.027292318642139435, "rotation": 0, "roll": 0, "pitch": 0, "yaw": 0, "top_left_x": 0.755039632320404, "top_left_y": 0.10920293629169464}}, {"word": "EAGLE", "bounding_box": {"width": 0.05681751295924187, "height": 0.02075919322669506, "rotation": 0, "roll": 0, "pitch": 0, "yaw": 0.3725101947784424, "top_left_x": 0.1656089872121811, "top_left_y": 0.13812056183815002}}, {"word": "EAGLE", "bounding_box": {"width": 0.05981914699077606, "height": 0.02156207710504532, "rotation": 0, "roll": 0, "pitch": 0, "yaw": 0.3725101947784424, "top_left_x": 0.2758854627609253, "top_left_y": 0.13799886405467987}}, {"word": "EAGLE", "bounding_box": {"width": 0.0613626092672348, "height": 0.024226129055023193, "rotation": 0, "roll": 0, "pitch": 0, "yaw": 0.3725101947784424, "top_left_x": 0.3603532612323761, "top_left_y": 0.13636058568954468}}, {"word": "EDIRD", "bounding_box": {"width": 0.0367971807718277, "height": 0.0380227155983448, "rotation": 0, "roll": 0, "pitch": 0, "yaw": 0, "top_left_x": 0.641564667224884, "top_left_y": 0.3710666596889496}}, {"word": "EARAGE", "bounding_box": {"width": 0.05153816193342209, "height": 0.04463756084442139, "rotation": 0, "roll": 0, "pitch": 0, "yaw": 0.3725101947784424, "top_left_x": 0.40044957399368286, "top_left_y": 0.4015035927295685}}, {"word": "54", "bounding_box": {"width": 0.047084733843803406, "height": 0.08026456087827682, "rotation": 0, "roll": 0, "pitch": 0, "yaw": 0.3725101947784424, "top_left_x": 0.3920478820800781, "top_left_y": 0.44708168506622314}}]}, {"image_id": "1aee501a75668a28", "ocr_tokens": ["77638", "Bertram", "Interior", "Bertram", "Walk-in", "Humidor", "D", "Bertram", "TRADITION", "Repairing", "Bertran", "THE", "NATION'S", "PIPEMAKER", "EMAKER", "920", "14th", "STREET,", "N.W.", "WASHINGTON", "5,", "D.C.", "Bertram", "Repair", "Department", "Bertram", "Factory"], "ocr_info": [{"word": "77638", "bounding_box": {"width": 0.12308944761753082, "height": 0.03795718774199486, "rotation": 0, "roll": 0, "pitch": 0, "yaw": -0.3725101947784424, "top_left_x": 0.8453451991081238, "top_left_y": 0.006371801719069481}}, {"word": "Bertram", "bounding_box": {"width": 0.07209625095129013, "height": 0.02959788590669632, "rotation": 0, "roll": 0, "pitch": 0, "yaw": 0, "top_left_x": 0.11069442331790924, "top_left_y": 0.0359308086335659}}, {"word": "Interior", "bounding_box": {"width": 0.06888866424560547, "height": 0.02752578817307949, "rotation": 0, "roll": 0, "pitch": 0, "yaw": 0, "top_left_x": 0.18690244853496552, "top_left_y": 0.036809585988521576}}, {"word": "Bertram", "bounding_box": {"width": 0.07451797276735306, "height": 0.028995342552661896, "rotation": 0, "roll": 0, "pitch": 0, "yaw": 0, "top_left_x": 0.6854557991027832, "top_left_y": 0.03982313722372055}}, {"word": "Walk-in", "bounding_box": {"width": 0.07451797276735306, "height": 0.03139813616871834, "rotation": 0, "roll": 0, "pitch": 0, "yaw": 0, "top_left_x": 0.7653892040252686, "top_left_y": 0.03377832844853401}}, {"word": "Humidor", "bounding_box": {"width": 0.08313827216625214, "height": 0.029759297147393227, "rotation": 0, "roll": 0, "pitch": 0, "yaw": 0, "top_left_x": 0.846733808517456, "top_left_y": 0.03767154738306999}}, {"word": "D", "bounding_box": {"width": 0.03208404406905174, "height": 0.054196134209632874, "rotation": 0, "roll": 0, "pitch": 0, "yaw": 0.3725101947784424, "top_left_x": 0.33716881275177, "top_left_y": 0.25193116068840027}}, {"word": "Bertram", "bounding_box": {"width": 0.13699470460414886, "height": 0.10096273571252823, "rotation": 0, "roll": 0, "pitch": 0, "yaw": 0.3725101947784424, "top_left_x": 0.37987402081489563, "top_left_y": 0.17676080763339996}}, {"word": "TRADITION", "bounding_box": {"width": 0.05488990619778633, "height": 0.040272340178489685, "rotation": 0, "roll": 0, "pitch": 0, "yaw": 0.3725101947784424, "top_left_x": 0.46703216433525085, "top_left_y": 0.2300998866558075}}, {"word": "Repairing", "bounding_box": {"width": 0.04758109897375107, "height": 0.01902206987142563, "rotation": 0, "roll": 0, "pitch": 0, "yaw": 0, "top_left_x": 0.597852349281311, "top_left_y": 0.3778461515903473}}, {"word": "Bertran", "bounding_box": {"width": 0.27073729038238525, "height": 0.14182111620903015, "rotation": 0, "roll": 0, "pitch": 0, "yaw": 0.3725101947784424, "top_left_x": 0.3852854073047638, "top_left_y": 0.647476315498352}}, {"word": "THE", "bounding_box": {"width": 0.048583146184682846, "height": 0.03875138610601425, "rotation": 0, "roll": 0, "pitch": 0, "yaw": 0.3725101947784424, "top_left_x": 0.39779940247535706, "top_left_y": 0.775523841381073}}, {"word": "NATION'S", "bounding_box": {"width": 0.08934921026229858, "height": 0.03593403473496437, "rotation": 0, "roll": 0, "pitch": 0, "yaw": 0.3725101947784424, "top_left_x": 0.4504626989364624, "top_left_y": 0.7787905931472778}}, {"word": "PIPEMAKER", "bounding_box": {"width": 0.11471572518348694, "height": 0.03233165293931961, "rotation": 0, "roll": 0, "pitch": 0, "yaw": 0, "top_left_x": 0.5466540455818176, "top_left_y": 0.7815267443656921}}, {"word": "EMAKER", "bounding_box": {"width": 0.07633983343839645, "height": 0.04180682823061943, "rotation": 0, "roll": 0, "pitch": 0, "yaw": 0.3725101947784424, "top_left_x": 0.5768136382102966, "top_left_y": 0.7761490941047668}}, {"word": "920", "bounding_box": {"width": 0.0650257095694542, "height": 0.040228817611932755, "rotation": 0, "roll": 0, "pitch": 0, "yaw": 0.3725101947784424, "top_left_x": 0.3525720536708832, "top_left_y": 0.8262731432914734}}, {"word": "14th", "bounding_box": {"width": 0.049816057085990906, "height": 0.04079939052462578, "rotation": 0, "roll": 0, "pitch": 0, "yaw": 0, "top_left_x": 0.44202685356140137, "top_left_y": 0.8260489106178284}}, {"word": "STREET,", "bounding_box": {"width": 0.1066795364022255, "height": 0.043046291917562485, "rotation": 0, "roll": 0, "pitch": 0, "yaw": 0.3725101947784424, "top_left_x": 0.5007560849189758, "top_left_y": 0.8277199864387512}}, {"word": "N.W.", "bounding_box": {"width": 0.054505158215761185, "height": 0.03962060436606407, "rotation": 0, "roll": 0, "pitch": 0, "yaw": 0, "top_left_x": 0.6154847145080566, "top_left_y": 0.8301197290420532}}, {"word": "WASHINGTON", "bounding_box": {"width": 0.1384446769952774, "height": 0.030676696449518204, "rotation": 0, "roll": 0, "pitch": 0, "yaw": -0.3725101947784424, "top_left_x": 0.41034621000289917, "top_left_y": 0.8754916191101074}}, {"word": "5,", "bounding_box": {"width": 0.020029526203870773, "height": 0.032808415591716766, "rotation": 0, "roll": 0, "pitch": 0, "yaw": 0, "top_left_x": 0.5576886534690857, "top_left_y": 0.8753430843353271}}, {"word": "D.C.", "bounding_box": {"width": 0.04184021055698395, "height": 0.034358520060777664, "rotation": 0, "roll": 0, "pitch": 0, "yaw": 0, "top_left_x": 0.5858230590820312, "top_left_y": 0.8742696046829224}}, {"word": "Bertram", "bounding_box": {"width": 0.07644075155258179, "height": 0.02843525819480419, "rotation": 0, "roll": 0, "pitch": 0, "yaw": 0, "top_left_x": 0.05729764699935913, "top_left_y": 0.9113124012947083}}, {"word": "Repair", "bounding_box": {"width": 0.06099734455347061, "height": 0.03246084600687027, "rotation": 0, "roll": 0, "pitch": 0, "yaw": 0.3725101947784424, "top_left_x": 0.13718685507774353, "top_left_y": 0.910041332244873}}, {"word": "Department", "bounding_box": {"width": 0.11317363381385803, "height": 0.03126424923539162, "rotation": 0, "roll": 0, "pitch": 0, "yaw": -0.3725101947784424, "top_left_x": 0.20052973926067352, "top_left_y": 0.9115955233573914}}, {"word": "Bertram", "bounding_box": {"width": 0.07648131996393204, "height": 0.030575882643461227, "rotation": 0, "roll": 0, "pitch": 0, "yaw": 0, "top_left_x": 0.7285018563270569, "top_left_y": 0.912735104560852}}, {"word": "Factory", "bounding_box": {"width": 0.06946761906147003, "height": 0.03004045970737934, "rotation": 0, "roll": 0, "pitch": 0, "yaw": 0.3725101947784424, "top_left_x": 0.8073391914367676, "top_left_y": 0.9131356477737427}}]}, {"image_id": "1a22c622b58e88eb", "ocr_tokens": ["=", "IAN3", "28"], "ocr_info": [{"word": "=", "bounding_box": {"width": 0.06772033870220184, "height": 0.05563988909125328, "rotation": 0, "roll": 0, "pitch": 0, "yaw": 0.3725101947784424, "top_left_x": 0.746882975101471, "top_left_y": 0.2431461066007614}}, {"word": "IAN3", "bounding_box": {"width": 0.03294689208269119, "height": 0.02899284102022648, "rotation": 0, "roll": 0, "pitch": 0, "yaw": 0, "top_left_x": 0.6141700148582458, "top_left_y": 0.34859052300453186}}, {"word": "28", "bounding_box": {"width": 0.029691772535443306, "height": 0.04141201078891754, "rotation": 0, "roll": 0, "pitch": 0, "yaw": 0, "top_left_x": 0.6154153347015381, "top_left_y": 0.3782951235771179}}]}, {"image_id": "1ae183173bc07d8c", "ocr_tokens": ["Kultw", "v/", "kkunsumerar", "spel", "film", "HL", "THK", "8", "tbra", "wtoe", "-musit", "HK", "resor", "spel", "liser", "flash", "Mo.b", "hilz", "broende", "91d15", "teater", "moolkaltur", "hestar", "IAL", "mode", "THL", "!!/", "shoping", "fotboll", "ronst", "intcenek-IcpCR)", "resocTi"], "ocr_info": [{"word": "Kultw", "bounding_box": {"width": 0.08420456200838089, "height": 0.07167981564998627, "rotation": 0, "roll": 0, "pitch": 0, "yaw": 0.3725101947784424, "top_left_x": 0.22036907076835632, "top_left_y": 0.22182594239711761}}, {"word": "v/", "bounding_box": {"width": 0.028749866411089897, "height": 0.049986016005277634, "rotation": 0, "roll": 0, "pitch": 0, "yaw": 0, "top_left_x": 0.311593234539032, "top_left_y": 0.24374224245548248}}, {"word": "kkunsumerar", "bounding_box": {"width": 0.12701530754566193, "height": 0.05306090787053108, "rotation": 0, "roll": 0, "pitch": 0, "yaw": 0.3725101947784424, "top_left_x": 0.3508021831512451, "top_left_y": 0.25005042552948}}, {"word": "spel", "bounding_box": {"width": 0.042157936841249466, "height": 0.052486855536699295, "rotation": 0, "roll": 0, "pitch": 0, "yaw": 0.3725101947784424, "top_left_x": 0.22288307547569275, "top_left_y": 0.28741753101348877}}, {"word": "film", "bounding_box": {"width": 0.07430107891559601, "height": 0.06066063791513443, "rotation": 0, "roll": 0, "pitch": 0, "yaw": 1.1175305843353271, "top_left_x": 0.5033608675003052, "top_left_y": 0.2635285556316376}}, {"word": "HL", "bounding_box": {"width": 0.03606727719306946, "height": 0.04573977738618851, "rotation": 0, "roll": 0, "pitch": 0, "yaw": 0, "top_left_x": 0.6021989583969116, "top_left_y": 0.2827540934085846}}, {"word": "THK", "bounding_box": {"width": 0.0476502999663353, "height": 0.057396918535232544, "rotation": 0, "roll": 0, "pitch": 0, "yaw": 0, "top_left_x": 0.6418056488037109, "top_left_y": 0.2874031364917755}}, {"word": "8", "bounding_box": {"width": 0.03650052472949028, "height": 0.0783354714512825, "rotation": 0, "roll": 0, "pitch": 0, "yaw": 0.3725101947784424, "top_left_x": 0.004111780785024166, "top_left_y": 0.34720101952552795}}, {"word": "tbra", "bounding_box": {"width": 0.040282316505908966, "height": 0.042055077850818634, "rotation": 0, "roll": 0, "pitch": 0, "yaw": 1.1175305843353271, "top_left_x": 0.21468299627304077, "top_left_y": 0.3341093957424164}}, {"word": "wtoe", "bounding_box": {"width": 0.04129970446228981, "height": 0.03915250673890114, "rotation": 0, "roll": 0, "pitch": 0, "yaw": 0.3725101947784424, "top_left_x": 0.26100271940231323, "top_left_y": 0.34618479013442993}}, {"word": "-musit", "bounding_box": {"width": 0.0654667392373085, "height": 0.033041056245565414, "rotation": 0, "roll": 0, "pitch": 0, "yaw": 1.8625510931015015, "top_left_x": 0.5077601075172424, "top_left_y": 0.3318033218383789}}, {"word": "HK", "bounding_box": {"width": 0.0760469064116478, "height": 0.041898056864738464, "rotation": 0, "roll": 0, "pitch": 0, "yaw": 0.7450203895568848, "top_left_x": 0.604915201663971, "top_left_y": 0.3365655839443207}}, {"word": "resor", "bounding_box": {"width": 0.050515785813331604, "height": 0.03644943982362747, "rotation": 0, "roll": 0, "pitch": 0, "yaw": 0.3725101947784424, "top_left_x": 0.21273081004619598, "top_left_y": 0.3830246031284332}}, {"word": "spel", "bounding_box": {"width": 0.03880302608013153, "height": 0.041220828890800476, "rotation": 0, "roll": 0, "pitch": 0, "yaw": 0.3725101947784424, "top_left_x": 0.5207087993621826, "top_left_y": 0.3672421872615814}}, {"word": "liser", "bounding_box": {"width": 0.042942579835653305, "height": 0.03992357477545738, "rotation": 0, "roll": 0, "pitch": 0, "yaw": 0, "top_left_x": 0.5102124214172363, "top_left_y": 0.4086281657218933}}, {"word": "flash", "bounding_box": {"width": 0.05831451714038849, "height": 0.044760119169950485, "rotation": 0, "roll": 0, "pitch": 0, "yaw": 1.4900407791137695, "top_left_x": 0.6652368307113647, "top_left_y": 0.3941432237625122}}, {"word": "Mo.b", "bounding_box": {"width": 0.04585159197449684, "height": 0.0313708670437336, "rotation": 0, "roll": 0, "pitch": 0, "yaw": 0.3725101947784424, "top_left_x": 0.7303835153579712, "top_left_y": 0.4075131118297577}}, {"word": "hilz", "bounding_box": {"width": 0.0333779901266098, "height": 0.043277960270643234, "rotation": 0, "roll": 0, "pitch": 0, "yaw": 0, "top_left_x": 0.6841757893562317, "top_left_y": 0.471123605966568}}, {"word": "broende", "bounding_box": {"width": 0.06764836609363556, "height": 0.04064426198601723, "rotation": 0, "roll": 0, "pitch": 0, "yaw": 1.8625510931015015, "top_left_x": 0.7178621292114258, "top_left_y": 0.4787282645702362}}, {"word": "91d15", "bounding_box": {"width": 0.05184677243232727, "height": 0.041110552847385406, "rotation": 0, "roll": 0, "pitch": 0, "yaw": 0.3725101947784424, "top_left_x": 0.5059657692909241, "top_left_y": 0.5395466685295105}}, {"word": "teater", "bounding_box": {"width": 0.05326934903860092, "height": 0.03979572281241417, "rotation": 0, "roll": 0, "pitch": 0, "yaw": 0.3725101947784424, "top_left_x": 0.5040751099586487, "top_left_y": 0.5811321139335632}}, {"word": "moolkaltur", "bounding_box": {"width": 0.08937365561723709, "height": 0.0450042188167572, "rotation": 0, "roll": 0, "pitch": 0, "yaw": 1.1175305843353271, "top_left_x": 0.6328365206718445, "top_left_y": 0.5835098028182983}}, {"word": "hestar", "bounding_box": {"width": 0.05123138427734375, "height": 0.035036351531744, "rotation": 0, "roll": 0, "pitch": 0, "yaw": 0.3725101947784424, "top_left_x": 0.499460905790329, "top_left_y": 0.623393714427948}}, {"word": "IAL", "bounding_box": {"width": 0.0290873721241951, "height": 0.04044615104794502, "rotation": 0, "roll": 0, "pitch": 0, "yaw": 0.3725101947784424, "top_left_x": 0.5667510032653809, "top_left_y": 0.6179782152175903}}, {"word": "mode", "bounding_box": {"width": 0.053297653794288635, "height": 0.036990050226449966, "rotation": 0, "roll": 0, "pitch": 0, "yaw": -0.3725101947784424, "top_left_x": 0.48913151025772095, "top_left_y": 0.6716509461402893}}, {"word": "THL", "bounding_box": {"width": 0.03185920789837837, "height": 0.03814742714166641, "rotation": 0, "roll": 0, "pitch": 0, "yaw": 0, "top_left_x": 0.5611953735351562, "top_left_y": 0.6622546911239624}}, {"word": "!!/", "bounding_box": {"width": 0.028757400810718536, "height": 0.03858509659767151, "rotation": 0, "roll": 0, "pitch": 0, "yaw": 0.3725101947784424, "top_left_x": 0.5945250391960144, "top_left_y": 0.6647671461105347}}, {"word": "shoping", "bounding_box": {"width": 0.07708324491977692, "height": 0.04931892454624176, "rotation": 0, "roll": 0, "pitch": 0, "yaw": 0.3725101947784424, "top_left_x": 0.6243231892585754, "top_left_y": 0.642575204372406}}, {"word": "fotboll", "bounding_box": {"width": 0.05828353762626648, "height": 0.04274602234363556, "rotation": 0, "roll": 0, "pitch": 0, "yaw": 0.3725101947784424, "top_left_x": 0.483054518699646, "top_left_y": 0.7159033417701721}}, {"word": "ronst", "bounding_box": {"width": 0.04957221820950508, "height": 0.03785988688468933, "rotation": 0, "roll": 0, "pitch": 0, "yaw": 0.3725101947784424, "top_left_x": 0.4877570569515228, "top_left_y": 0.7641294598579407}}, {"word": "intcenek-IcpCR)", "bounding_box": {"width": 0.11032699793577194, "height": 0.03316762298345566, "rotation": 0, "roll": 0, "pitch": 0, "yaw": -0.3725101947784424, "top_left_x": 0.4887809157371521, "top_left_y": 0.837511420249939}}, {"word": "resocTi", "bounding_box": {"width": 0.08597663789987564, "height": 0.04623349756002426, "rotation": 0, "roll": 0, "pitch": 0, "yaw": 0.3725101947784424, "top_left_x": 0.4853293299674988, "top_left_y": 0.8634810447692871}}]}, {"image_id": "1a2ff55b5acc0bc9", "ocr_tokens": ["0223"], "ocr_info": [{"word": "0223", "bounding_box": {"width": 0.10169056802988052, "height": 0.0741955116391182, "rotation": 0, "roll": 0, "pitch": 0, "yaw": 6.705183982849121, "top_left_x": 0.6036899089813232, "top_left_y": 0.36096346378326416}}]}, {"image_id": "1a053f0aa7eb9c09", "ocr_tokens": ["DEALING", "IN", "DESIRE", "Asian", "Asian", "Ascendancy,", "Western", "Decline,", "and", "the", "Hidden", "Currencies", "of", "Global", "Sex", "Work", "KIMBERLY", "KAY", "HOANG"], "ocr_info": [{"word": "DEALING", "bounding_box": {"width": 0.8692490458488464, "height": 0.11292783915996552, "rotation": 0, "roll": 0, "pitch": 0, "yaw": 0, "top_left_x": 0.06653055548667908, "top_left_y": 0.07919412106275558}}, {"word": "IN", "bounding_box": {"width": 0.13385653495788574, "height": 0.07640014588832855, "rotation": 0, "roll": 0, "pitch": 0, "yaw": -0.7450203895568848, "top_left_x": 0.0717911571264267, "top_left_y": 0.20661073923110962}}, {"word": "DESIRE", "bounding_box": {"width": 0.7554045915603638, "height": 0.10985355079174042, "rotation": 0, "roll": 0, "pitch": 0, "yaw": 0.3725101947784424, "top_left_x": 0.16344259679317474, "top_left_y": 0.19911229610443115}}, {"word": "Asian", "bounding_box": {"width": 0.0873727947473526, "height": 0.030080489814281464, "rotation": 0, "roll": 0, "pitch": 0, "yaw": 0, "top_left_x": 0.3415501117706299, "top_left_y": 0.35820385813713074}}, {"word": "Asian", "bounding_box": {"width": 0.09300775080919266, "height": 0.020404739305377007, "rotation": 0, "roll": 0, "pitch": 0, "yaw": 0.3725101947784424, "top_left_x": 0.3411659300327301, "top_left_y": 0.36167311668395996}}, {"word": "Ascendancy,", "bounding_box": {"width": 0.20910941064357758, "height": 0.02659912034869194, "rotation": 0, "roll": 0, "pitch": 0, "yaw": 0, "top_left_x": 0.4351697862148285, "top_left_y": 0.35968446731567383}}, {"word": "Western", "bounding_box": {"width": 0.1390335112810135, "height": 0.02126159705221653, "rotation": 0, "roll": 0, "pitch": 0, "yaw": 0, "top_left_x": 0.6462114453315735, "top_left_y": 0.3604852557182312}}, {"word": "Decline,", "bounding_box": {"width": 0.14911288022994995, "height": 0.020371779799461365, "rotation": 0, "roll": 0, "pitch": 0, "yaw": 0, "top_left_x": 0.7901825308799744, "top_left_y": 0.36216825246810913}}, {"word": "and", "bounding_box": {"width": 0.06440191715955734, "height": 0.023393096402287483, "rotation": 0, "roll": 0, "pitch": 0, "yaw": 0, "top_left_x": 0.18835556507110596, "top_left_y": 0.39339980483055115}}, {"word": "the", "bounding_box": {"width": 0.055457014590501785, "height": 0.022644883021712303, "rotation": 0, "roll": 0, "pitch": 0, "yaw": 0, "top_left_x": 0.2544283866882324, "top_left_y": 0.3940877914428711}}, {"word": "Hidden", "bounding_box": {"width": 0.11907348036766052, "height": 0.022361068055033684, "rotation": 0, "roll": 0, "pitch": 0, "yaw": 0, "top_left_x": 0.31557002663612366, "top_left_y": 0.3934418559074402}}, {"word": "Currencies", "bounding_box": {"width": 0.17668160796165466, "height": 0.024482345208525658, "rotation": 0, "roll": 0, "pitch": 0, "yaw": 0, "top_left_x": 0.43816623091697693, "top_left_y": 0.3925776481628418}}, {"word": "of", "bounding_box": {"width": 0.03954849764704704, "height": 0.023380661383271217, "rotation": 0, "roll": 0, "pitch": 0, "yaw": 0.3725101947784424, "top_left_x": 0.6166690587997437, "top_left_y": 0.3928893804550171}}, {"word": "Global", "bounding_box": {"width": 0.10325879603624344, "height": 0.023529892787337303, "rotation": 0, "roll": 0, "pitch": 0, "yaw": 0, "top_left_x": 0.6585198640823364, "top_left_y": 0.39341723918914795}}, {"word": "Sex", "bounding_box": {"width": 0.0623088963329792, "height": 0.023216858506202698, "rotation": 0, "roll": 0, "pitch": 0, "yaw": 0, "top_left_x": 0.7669488787651062, "top_left_y": 0.3926682770252228}}, {"word": "Work", "bounding_box": {"width": 0.090153269469738, "height": 0.024683915078639984, "rotation": 0, "roll": 0, "pitch": 0, "yaw": 0.3725101947784424, "top_left_x": 0.8336902260780334, "top_left_y": 0.3899175524711609}}, {"word": "KIMBERLY", "bounding_box": {"width": 0.31178003549575806, "height": 0.03550613299012184, "rotation": 0, "roll": 0, "pitch": 0, "yaw": 0.7450203895568848, "top_left_x": 0.23779214918613434, "top_left_y": 0.4681796729564667}}, {"word": "KAY", "bounding_box": {"width": 0.12717463076114655, "height": 0.035028763115406036, "rotation": 0, "roll": 0, "pitch": 0, "yaw": 0, "top_left_x": 0.5632209181785583, "top_left_y": 0.46938931941986084}}, {"word": "HOANG", "bounding_box": {"width": 0.2320336103439331, "height": 0.0382203683257103, "rotation": 0, "roll": 0, "pitch": 0, "yaw": 0, "top_left_x": 0.7030737400054932, "top_left_y": 0.4676656723022461}}]}, {"image_id": "1a3f633876701162", "ocr_tokens": ["mmmmn", "RACING", "NEWBORK", "formule", "559", "DGESTONE", "DGESTONE", "AGUAR", "OO", "NA", "AOXSR"], "ocr_info": [{"word": "mmmmn", "bounding_box": {"width": 0.10560852289199829, "height": 0.018815917894244194, "rotation": 0, "roll": 0, "pitch": 0, "yaw": 0.7450203895568848, "top_left_x": 0.4242404103279114, "top_left_y": 0.4726333022117615}}, {"word": "RACING", "bounding_box": {"width": 0.07898808270692825, "height": 0.05179779231548309, "rotation": 0, "roll": 0, "pitch": 0, "yaw": 0.3725101947784424, "top_left_x": 0.1261725127696991, "top_left_y": 0.5830344557762146}}, {"word": "NEWBORK", "bounding_box": {"width": 0.05283981189131737, "height": 0.03336029127240181, "rotation": 0, "roll": 0, "pitch": 0, "yaw": 0.3725101947784424, "top_left_x": 0.1606806516647339, "top_left_y": 0.6169384121894836}}, {"word": "formule", "bounding_box": {"width": 0.07309865951538086, "height": 0.03872060030698776, "rotation": 0, "roll": 0, "pitch": 0, "yaw": 0.3725101947784424, "top_left_x": 0.2817903757095337, "top_left_y": 0.573383629322052}}, {"word": "559", "bounding_box": {"width": 0.03468742221593857, "height": 0.04713582620024681, "rotation": 0, "roll": 0, "pitch": 0, "yaw": 0.3725101947784424, "top_left_x": 0.021659381687641144, "top_left_y": 0.6227818727493286}}, {"word": "DGESTONE", "bounding_box": {"width": 0.056787338107824326, "height": 0.03383290395140648, "rotation": 0, "roll": 0, "pitch": 0, "yaw": 0.7450203895568848, "top_left_x": 0.14087720215320587, "top_left_y": 0.7185578942298889}}, {"word": "DGESTONE", "bounding_box": {"width": 0.04939506575465202, "height": 0.022777708247303963, "rotation": 0, "roll": 0, "pitch": 0, "yaw": 0.3725101947784424, "top_left_x": 0.14142021536827087, "top_left_y": 0.7225322723388672}}, {"word": "AGUAR", "bounding_box": {"width": 0.04959273338317871, "height": 0.03407175466418266, "rotation": 0, "roll": 0, "pitch": 0, "yaw": 0.3725101947784424, "top_left_x": 0.006268837954849005, "top_left_y": 0.7469925284385681}}, {"word": "OO", "bounding_box": {"width": 0.045289766043424606, "height": 0.022204793989658356, "rotation": 0, "roll": 0, "pitch": 0, "yaw": -0.7450203895568848, "top_left_x": 0.47008708119392395, "top_left_y": 0.7796940207481384}}, {"word": "NA", "bounding_box": {"width": 0.04052351787686348, "height": 0.023583831265568733, "rotation": 0, "roll": 0, "pitch": 0, "yaw": -0.3725101947784424, "top_left_x": 0.0030619394965469837, "top_left_y": 0.8382596969604492}}, {"word": "AOXSR", "bounding_box": {"width": 0.04409744217991829, "height": 0.032786253839731216, "rotation": 0, "roll": 0, "pitch": 0, "yaw": -0.7450203895568848, "top_left_x": 0.5124686360359192, "top_left_y": 0.9235553741455078}}]}, {"image_id": "1af3bbec7f47fbc1", "ocr_tokens": ["USERVALUE", "WEBSITE", "NEBSITE", "TESTER", "GESUCH"], "ocr_info": [{"word": "USERVALUE", "bounding_box": {"width": 0.07317640632390976, "height": 0.03795251250267029, "rotation": 0, "roll": 0, "pitch": 0, "yaw": -3.3525919914245605, "top_left_x": 0.47461071610450745, "top_left_y": 0.5498527884483337}}, {"word": "WEBSITE", "bounding_box": {"width": 0.15480011701583862, "height": 0.045852597802877426, "rotation": 0, "roll": 0, "pitch": 0, "yaw": -20.314735412597656, "top_left_x": 0.4992808401584625, "top_left_y": 0.6790443062782288}}, {"word": "NEBSITE", "bounding_box": {"width": 0.1509476900100708, "height": 0.09535130113363266, "rotation": 0, "roll": 0, "pitch": 0, "yaw": -4.097612380981445, "top_left_x": 0.5108973979949951, "top_left_y": 0.6310791373252869}}, {"word": "TESTER", "bounding_box": {"width": 0.1500082165002823, "height": 0.05177123844623566, "rotation": 0, "roll": 0, "pitch": 0, "yaw": -24.41234588623047, "top_left_x": 0.5198202133178711, "top_left_y": 0.710914134979248}}, {"word": "GESUCH", "bounding_box": {"width": 0.14996948838233948, "height": 0.09519938379526138, "rotation": 0, "roll": 0, "pitch": 0, "yaw": -4.470122337341309, "top_left_x": 0.537914514541626, "top_left_y": 0.6903150081634521}}]}, {"image_id": "1ab8100642c0e3c4", "ocr_tokens": ["7S", "51", "TURN", "100", "#pu", "wor", "007202", "CHANNEL", "La", "Cienega", "BI"], "ocr_info": [{"word": "7S", "bounding_box": {"width": 0.03466903790831566, "height": 0.032822392880916595, "rotation": 0, "roll": 0, "pitch": 0, "yaw": 0.3725101947784424, "top_left_x": 0.8742604851722717, "top_left_y": 0.10653448104858398}}, {"word": "51", "bounding_box": {"width": 0.0749642550945282, "height": 0.11224634200334549, "rotation": 0, "roll": 0, "pitch": 0, "yaw": -0.3725101947784424, "top_left_x": 0.005030824337154627, "top_left_y": 0.3449620008468628}}, {"word": "TURN", "bounding_box": {"width": 0.03359580785036087, "height": 0.03314609080553055, "rotation": 0, "roll": 0, "pitch": 0, "yaw": 0.3725101947784424, "top_left_x": 0.034815169870853424, "top_left_y": 0.46092891693115234}}, {"word": "100", "bounding_box": {"width": 0.041277769953012466, "height": 0.05615302920341492, "rotation": 0, "roll": 0, "pitch": 0, "yaw": 0, "top_left_x": 0.37076428532600403, "top_left_y": 0.495999813079834}}, {"word": "#pu", "bounding_box": {"width": 0.04897812008857727, "height": 0.03109203837811947, "rotation": 0, "roll": 0, "pitch": 0, "yaw": 0.3725101947784424, "top_left_x": 0.7555161118507385, "top_left_y": 0.4851187467575073}}, {"word": "wor", "bounding_box": {"width": 0.05751480162143707, "height": 0.023162728175520897, "rotation": 0, "roll": 0, "pitch": 0, "yaw": -0.3725101947784424, "top_left_x": 0.8236600756645203, "top_left_y": 0.4808383584022522}}, {"word": "007202", "bounding_box": {"width": 0.06425384432077408, "height": 0.029838992282748222, "rotation": 0, "roll": 0, "pitch": 0, "yaw": 0.3725101947784424, "top_left_x": 0.7340601682662964, "top_left_y": 0.5881645679473877}}, {"word": "CHANNEL", "bounding_box": {"width": 0.07952384650707245, "height": 0.03117102012038231, "rotation": 0, "roll": 0, "pitch": 0, "yaw": 0, "top_left_x": 0.4532220661640167, "top_left_y": 0.6188419461250305}}, {"word": "La", "bounding_box": {"width": 0.02449537254869938, "height": 0.04390748217701912, "rotation": 0, "roll": 0, "pitch": 0, "yaw": 0.3725101947784424, "top_left_x": 0.3106420934200287, "top_left_y": 0.6669135689735413}}, {"word": "Cienega", "bounding_box": {"width": 0.0740160346031189, "height": 0.06671371310949326, "rotation": 0, "roll": 0, "pitch": 0, "yaw": 0.7450203895568848, "top_left_x": 0.34039247035980225, "top_left_y": 0.6755801439285278}}, {"word": "BI", "bounding_box": {"width": 0.0224803164601326, "height": 0.04501102864742279, "rotation": 0, "roll": 0, "pitch": 0, "yaw": -0.3725101947784424, "top_left_x": 0.41827887296676636, "top_left_y": 0.7045512795448303}}]}, {"image_id": "1a79766429ca0bbf", "ocr_tokens": ["pemnts", "OPIONS", "CIMPRNE", "AHL", "AHL", "8", "7", "WARNER", "E", "RBC", "AILA", "Reebok"], "ocr_info": [{"word": "pemnts", "bounding_box": {"width": 0.05458574369549751, "height": 0.02744879387319088, "rotation": 0, "roll": 0, "pitch": 0, "yaw": 0.3725101947784424, "top_left_x": 0.00338239804841578, "top_left_y": 0.035061951726675034}}, {"word": "OPIONS", "bounding_box": {"width": 0.05641932040452957, "height": 0.027627842500805855, "rotation": 0, "roll": 0, "pitch": 0, "yaw": 0.3725101947784424, "top_left_x": 0.060596879571676254, "top_left_y": 0.0366281121969223}}, {"word": "CIMPRNE", "bounding_box": {"width": 0.0522126778960228, "height": 0.022620849311351776, "rotation": 0, "roll": 0, "pitch": 0, "yaw": 0.3725101947784424, "top_left_x": 0.4341854155063629, "top_left_y": 0.38547247648239136}}, {"word": "AHL", "bounding_box": {"width": 0.1453271508216858, "height": 0.1073031798005104, "rotation": 0, "roll": 0, "pitch": 0, "yaw": 0, "top_left_x": 0.32995253801345825, "top_left_y": 0.4018011689186096}}, {"word": "AHL", "bounding_box": {"width": 0.12914001941680908, "height": 0.13077594339847565, "rotation": 0, "roll": 0, "pitch": 0, "yaw": -0.3725101947784424, "top_left_x": 0.6603572368621826, "top_left_y": 0.3782521188259125}}, {"word": "8", "bounding_box": {"width": 0.03581451252102852, "height": 0.07763783633708954, "rotation": 0, "roll": 0, "pitch": 0, "yaw": 0.7450203895568848, "top_left_x": 0.7569469213485718, "top_left_y": 0.4597054421901703}}, {"word": "7", "bounding_box": {"width": 0.03876174986362457, "height": 0.07818593829870224, "rotation": 0, "roll": 0, "pitch": 0, "yaw": 0.7450203895568848, "top_left_x": 0.43891897797584534, "top_left_y": 0.490362286567688}}, {"word": "WARNER", "bounding_box": {"width": 0.20473173260688782, "height": 0.06570281833410263, "rotation": 0, "roll": 0, "pitch": 0, "yaw": 0, "top_left_x": 0.00402437150478363, "top_left_y": 0.5390608310699463}}, {"word": "E", "bounding_box": {"width": 0.027445035055279732, "height": 0.050275370478630066, "rotation": 0, "roll": 0, "pitch": 0, "yaw": 0, "top_left_x": 0.003217157907783985, "top_left_y": 0.6092532277107239}}, {"word": "RBC", "bounding_box": {"width": 0.06297928094863892, "height": 0.04383504390716553, "rotation": 0, "roll": 0, "pitch": 0, "yaw": 0.7450203895568848, "top_left_x": 0.9329760670661926, "top_left_y": 0.641880452632904}}, {"word": "AILA", "bounding_box": {"width": 0.03723922744393349, "height": 0.02340596355497837, "rotation": 0, "roll": 0, "pitch": 0, "yaw": 0, "top_left_x": 0.28842878341674805, "top_left_y": 0.9719502329826355}}, {"word": "Reebok", "bounding_box": {"width": 0.06096496433019638, "height": 0.026085205376148224, "rotation": 0, "roll": 0, "pitch": 0, "yaw": 0.3725101947784424, "top_left_x": 0.4794130325317383, "top_left_y": 0.9663145542144775}}]}, {"image_id": "1a8746200ed47472", "ocr_tokens": ["Mecn", "ld'", "o.C", "LO"], "ocr_info": [{"word": "Mecn", "bounding_box": {"width": 0.49765828251838684, "height": 0.09448926895856857, "rotation": 0, "roll": 0, "pitch": 0, "yaw": 0, "top_left_x": 0.009638920426368713, "top_left_y": -0.000327378511428833}}, {"word": "ld'", "bounding_box": {"width": 0.32957693934440613, "height": 0.1954534351825714, "rotation": 0, "roll": 0, "pitch": 0, "yaw": 0, "top_left_x": 0.02060244418680668, "top_left_y": 0.10636734962463379}}, {"word": "o.C", "bounding_box": {"width": 0.3212871551513672, "height": 0.14220623672008514, "rotation": 0, "roll": 0, "pitch": 0, "yaw": 0.3725101947784424, "top_left_x": 0.02447315864264965, "top_left_y": 0.39004117250442505}}, {"word": "LO", "bounding_box": {"width": 0.2094925045967102, "height": 0.10692562907934189, "rotation": 0, "roll": 0, "pitch": 0, "yaw": -0.3725101947784424, "top_left_x": 0.3898242712020874, "top_left_y": 0.44085490703582764}}]}, {"image_id": "1aa2ef4ecee9a6b7", "ocr_tokens": [], "ocr_info": []}, {"image_id": "1a77f252d4b2cec2", "ocr_tokens": ["FREE", "with", "CHILD", "purchase", "of", "Adult", "Tench", "sharks,", "feed", "lorikeet", "birds,", "los", "11,000", "animals", "at", "the", "Aquariu", "and", "BePacits", "Pecise", "discover", "mom", "blang", "Beack", "And", "S00", "our", "new", "Seal", "100", "ADUARUM"], "ocr_info": [{"word": "FREE", "bounding_box": {"width": 0.41301971673965454, "height": 0.1483674943447113, "rotation": 0, "roll": 0, "pitch": 0, "yaw": 0.7450203895568848, "top_left_x": 0.08691747486591339, "top_left_y": 0.3579100966453552}}, {"word": "with", "bounding_box": {"width": 0.1838509887456894, "height": 0.07900846749544144, "rotation": 0, "roll": 0, "pitch": 0, "yaw": -4.842632293701172, "top_left_x": 0.6574947834014893, "top_left_y": 0.38551127910614014}}, {"word": "CHILD", "bounding_box": {"width": 0.39464423060417175, "height": 0.15620554983615875, "rotation": 0, "roll": 0, "pitch": 0, "yaw": 0.7450203895568848, "top_left_x": 0.09670734405517578, "top_left_y": 0.48527151346206665}}, {"word": "purchase", "bounding_box": {"width": 0.34222984313964844, "height": 0.10192099958658218, "rotation": 0, "roll": 0, "pitch": 0, "yaw": -1.8625510931015015, "top_left_x": 0.5575490593910217, "top_left_y": 0.4652513563632965}}, {"word": "of", "bounding_box": {"width": 0.10325493663549423, "height": 0.08381572365760803, "rotation": 0, "roll": 0, "pitch": 0, "yaw": -1.8625510931015015, "top_left_x": 0.5740684270858765, "top_left_y": 0.5559636354446411}}, {"word": "Adult", "bounding_box": {"width": 0.18635623157024384, "height": 0.09576942771673203, "rotation": 0, "roll": 0, "pitch": 0, "yaw": -1.4900407791137695, "top_left_x": 0.692939281463623, "top_left_y": 0.5290287733078003}}, {"word": "Tench", "bounding_box": {"width": 0.07760760188102722, "height": 0.08228413760662079, "rotation": 0, "roll": 0, "pitch": 0, "yaw": -0.7450203895568848, "top_left_x": 0.08832719922065735, "top_left_y": 0.6067301630973816}}, {"word": "sharks,", "bounding_box": {"width": 0.11163330078125, "height": 0.07573600858449936, "rotation": 0, "roll": 0, "pitch": 0, "yaw": -1.1175305843353271, "top_left_x": 0.16139468550682068, "top_left_y": 0.6414861679077148}}, {"word": "feed", "bounding_box": {"width": 0.08667724579572678, "height": 0.06399118900299072, "rotation": 0, "roll": 0, "pitch": 0, "yaw": 0, "top_left_x": 0.2713049650192261, "top_left_y": 0.6634624004364014}}, {"word": "lorikeet", "bounding_box": {"width": 0.15951772034168243, "height": 0.06025685742497444, "rotation": 0, "roll": 0, "pitch": 0, "yaw": 0, "top_left_x": 0.354821115732193, "top_left_y": 0.6729040145874023}}, {"word": "birds,", "bounding_box": {"width": 0.1066666692495346, "height": 0.06090962886810303, "rotation": 0, "roll": 0, "pitch": 0, "yaw": -0.7450203895568848, "top_left_x": 0.5096175074577332, "top_left_y": 0.6733964681625366}}, {"word": "los", "bounding_box": {"width": 0.05882786959409714, "height": 0.06196858733892441, "rotation": 0, "roll": 0, "pitch": 0, "yaw": 0.7450203895568848, "top_left_x": 0.10084597766399384, "top_left_y": 0.6788942217826843}}, {"word": "11,000", "bounding_box": {"width": 0.08559088408946991, "height": 0.06729064881801605, "rotation": 0, "roll": 0, "pitch": 0, "yaw": -0.3725101947784424, "top_left_x": 0.16395682096481323, "top_left_y": 0.7007594704627991}}, {"word": "animals", "bounding_box": {"width": 0.13739746809005737, "height": 0.061640121042728424, "rotation": 0, "roll": 0, "pitch": 0, "yaw": 1.8625510931015015, "top_left_x": 0.2541671693325043, "top_left_y": 0.7233741283416748}}, {"word": "at", "bounding_box": {"width": 0.044770583510398865, "height": 0.045038655400276184, "rotation": 0, "roll": 0, "pitch": 0, "yaw": 0.3725101947784424, "top_left_x": 0.3931739032268524, "top_left_y": 0.7431154251098633}}, {"word": "the", "bounding_box": {"width": 0.06353383511304855, "height": 0.05199188366532326, "rotation": 0, "roll": 0, "pitch": 0, "yaw": 0.3725101947784424, "top_left_x": 0.4381886422634125, "top_left_y": 0.7393367290496826}}, {"word": "Aquariu", "bounding_box": {"width": 0.17806518077850342, "height": 0.06265390664339066, "rotation": 0, "roll": 0, "pitch": 0, "yaw": -0.7450203895568848, "top_left_x": 0.503973126411438, "top_left_y": 0.7359759211540222}}, {"word": "and", "bounding_box": {"width": 0.0723947286605835, "height": 0.05722639709711075, "rotation": 0, "roll": 0, "pitch": 0, "yaw": -2.607571601867676, "top_left_x": 0.6212145090103149, "top_left_y": 0.6703490614891052}}, {"word": "BePacits", "bounding_box": {"width": 0.1723697930574417, "height": 0.08862874656915665, "rotation": 0, "roll": 0, "pitch": 0, "yaw": -0.3725101947784424, "top_left_x": 0.6946673393249512, "top_left_y": 0.6840195655822754}}, {"word": "Pecise", "bounding_box": {"width": 0.09252512454986572, "height": 0.06591949611902237, "rotation": 0, "roll": 0, "pitch": 0, "yaw": 0.3725101947784424, "top_left_x": 0.7745665311813354, "top_left_y": 0.6882534623146057}}, {"word": "discover", "bounding_box": {"width": 0.1306082159280777, "height": 0.06560607999563217, "rotation": 0, "roll": 0, "pitch": 0, "yaw": 0, "top_left_x": 0.6956512331962585, "top_left_y": 0.647305428981781}}, {"word": "mom", "bounding_box": {"width": 0.06652729958295822, "height": 0.06037791073322296, "rotation": 0, "roll": 0, "pitch": 0, "yaw": 0.3725101947784424, "top_left_x": 0.8225415349006653, "top_left_y": 0.6254562139511108}}, {"word": "blang", "bounding_box": {"width": 0.09738647192716599, "height": 0.0827329158782959, "rotation": 0, "roll": 0, "pitch": 0, "yaw": -1.1175305843353271, "top_left_x": 0.11562464386224747, "top_left_y": 0.7393537759780884}}, {"word": "Beack", "bounding_box": {"width": 0.12002284079790115, "height": 0.06817962974309921, "rotation": 0, "roll": 0, "pitch": 0, "yaw": 0.3725101947784424, "top_left_x": 0.21249012649059296, "top_left_y": 0.770925760269165}}, {"word": "And", "bounding_box": {"width": 0.07572530210018158, "height": 0.058384500443935394, "rotation": 0, "roll": 0, "pitch": 0, "yaw": 0.3725101947784424, "top_left_x": 0.33611661195755005, "top_left_y": 0.7908982634544373}}, {"word": "S00", "bounding_box": {"width": 0.07286692410707474, "height": 0.04533243924379349, "rotation": 0, "roll": 0, "pitch": 0, "yaw": 0, "top_left_x": 0.41409316658973694, "top_left_y": 0.8048540949821472}}, {"word": "our", "bounding_box": {"width": 0.06394816190004349, "height": 0.045579731464385986, "rotation": 0, "roll": 0, "pitch": 0, "yaw": 0, "top_left_x": 0.48837441205978394, "top_left_y": 0.8053592443466187}}, {"word": "new", "bounding_box": {"width": 0.0823504626750946, "height": 0.04496602341532707, "rotation": 0, "roll": 0, "pitch": 0, "yaw": 0, "top_left_x": 0.5549384951591492, "top_left_y": 0.8023132681846619}}, {"word": "Seal", "bounding_box": {"width": 0.09182780236005783, "height": 0.058959148824214935, "rotation": 0, "roll": 0, "pitch": 0, "yaw": 0, "top_left_x": 0.6403942704200745, "top_left_y": 0.7788276076316833}}, {"word": "100", "bounding_box": {"width": 0.0669257640838623, "height": 0.0480385348200798, "rotation": 0, "roll": 0, "pitch": 0, "yaw": 0, "top_left_x": 0.5163261890411377, "top_left_y": 0.910263180732727}}, {"word": "ADUARUM", "bounding_box": {"width": 0.21395955979824066, "height": 0.09042256325483322, "rotation": 0, "roll": 0, "pitch": 0, "yaw": 0.3725101947784424, "top_left_x": 0.5899645090103149, "top_left_y": 0.8630784749984741}}]}, {"image_id": "1ace6efb1e3dd50f", "ocr_tokens": ["COLOR&DAS", "HORARIO:", "DE9:00h", "13:00", "15:00", "19:00h", "*OILIGATORY", "Polos", "Crazy", "Bike", "ANZAROTE", "9.90\u20ac", "9."], "ocr_info": [{"word": "COLOR&DAS", "bounding_box": {"width": 0.11913233250379562, "height": 0.023967813700437546, "rotation": 0, "roll": 0, "pitch": 0, "yaw": 0.3725101947784424, "top_left_x": 0.2728618085384369, "top_left_y": 0.02778972126543522}}, {"word": "HORARIO:", "bounding_box": {"width": 0.079199880361557, "height": 0.01652131974697113, "rotation": 0, "roll": 0, "pitch": 0, "yaw": 0.3725101947784424, "top_left_x": 0.27492785453796387, "top_left_y": 0.10986405611038208}}, {"word": "DE9:00h", "bounding_box": {"width": 0.0689999908208847, "height": 0.013459300622344017, "rotation": 0, "roll": 0, "pitch": 0, "yaw": 0, "top_left_x": 0.23718112707138062, "top_left_y": 0.14044135808944702}}, {"word": "13:00", "bounding_box": {"width": 0.06909225136041641, "height": 0.02228071168065071, "rotation": 0, "roll": 0, "pitch": 0, "yaw": 0.3725101947784424, "top_left_x": 0.30966389179229736, "top_left_y": 0.135047048330307}}, {"word": "15:00", "bounding_box": {"width": 0.05838455259799957, "height": 0.01915355771780014, "rotation": 0, "roll": 0, "pitch": 0, "yaw": 0, "top_left_x": 0.2573395073413849, "top_left_y": 0.16508735716342926}}, {"word": "19:00h", "bounding_box": {"width": 0.07367421686649323, "height": 0.014559173956513405, "rotation": 0, "roll": 0, "pitch": 0, "yaw": 0, "top_left_x": 0.3181261122226715, "top_left_y": 0.1665498912334442}}, {"word": "*OILIGATORY", "bounding_box": {"width": 0.08562637120485306, "height": 0.016974639147520065, "rotation": 0, "roll": 0, "pitch": 0, "yaw": 0.7450203895568848, "top_left_x": 0.2934707999229431, "top_left_y": 0.21644307672977448}}, {"word": "Polos", "bounding_box": {"width": 0.18275666236877441, "height": 0.05006713792681694, "rotation": 0, "roll": 0, "pitch": 0, "yaw": 0, "top_left_x": 0.2704331874847412, "top_left_y": 0.4244396388530731}}, {"word": "Crazy", "bounding_box": {"width": 0.19251376390457153, "height": 0.053458862006664276, "rotation": 0, "roll": 0, "pitch": 0, "yaw": 0.3725101947784424, "top_left_x": 0.2653258144855499, "top_left_y": 0.48422858119010925}}, {"word": "Bike", "bounding_box": {"width": 0.14762389659881592, "height": 0.04635871946811676, "rotation": 0, "roll": 0, "pitch": 0, "yaw": 0, "top_left_x": 0.2889964282512665, "top_left_y": 0.544733464717865}}, {"word": "ANZAROTE", "bounding_box": {"width": 0.1311962902545929, "height": 0.02710472047328949, "rotation": 0, "roll": 0, "pitch": 0, "yaw": 0, "top_left_x": 0.6082693934440613, "top_left_y": 0.5717000961303711}}, {"word": "9.90\u20ac", "bounding_box": {"width": 0.1441776305437088, "height": 0.04270973056554794, "rotation": 0, "roll": 0, "pitch": 0, "yaw": 0, "top_left_x": 0.2949836552143097, "top_left_y": 0.616464376449585}}, {"word": "9.", "bounding_box": {"width": 0.059534505009651184, "height": 0.030409393832087517, "rotation": 0, "roll": 0, "pitch": 0, "yaw": 0, "top_left_x": 0.2967498302459717, "top_left_y": 0.626856803894043}}]}, {"image_id": "1a8a818d9135b1f8", "ocr_tokens": ["P", "Enter", "H", "M", "Cleecae", "Alt", "Shift", "N", "B"], "ocr_info": [{"word": "P", "bounding_box": {"width": 0.025720978155732155, "height": 0.03550320863723755, "rotation": 0, "roll": 0, "pitch": 0, "yaw": 0, "top_left_x": 0.48819273710250854, "top_left_y": 0.10327325016260147}}, {"word": "Enter", "bounding_box": {"width": 0.05790572986006737, "height": 0.03472432494163513, "rotation": 0, "roll": 0, "pitch": 0, "yaw": 0, "top_left_x": 0.8020230531692505, "top_left_y": 0.15132513642311096}}, {"word": "H", "bounding_box": {"width": 0.04447437450289726, "height": 0.05224655196070671, "rotation": 0, "roll": 0, "pitch": 0, "yaw": 0.3725101947784424, "top_left_x": 0.08542009443044662, "top_left_y": 0.29861533641815186}}, {"word": "M", "bounding_box": {"width": 0.03772661089897156, "height": 0.045380670577287674, "rotation": 0, "roll": 0, "pitch": 0, "yaw": -1.4900407791137695, "top_left_x": 0.27317699790000916, "top_left_y": 0.3910199999809265}}, {"word": "Cleecae", "bounding_box": {"width": 0.4193100035190582, "height": 0.3690098226070404, "rotation": 0, "roll": 0, "pitch": 0, "yaw": 0, "top_left_x": 0.3790762424468994, "top_left_y": 0.2874034345149994}}, {"word": "Alt", "bounding_box": {"width": 0.03468742221593857, "height": 0.034054260700941086, "rotation": 0, "roll": 0, "pitch": 0, "yaw": 0.3725101947784424, "top_left_x": 0.41708019375801086, "top_left_y": 0.5183882713317871}}, {"word": "Shift", "bounding_box": {"width": 0.05504367873072624, "height": 0.032977934926748276, "rotation": 0, "roll": 0, "pitch": 0, "yaw": -5.960163116455078, "top_left_x": 0.7710599899291992, "top_left_y": 0.291786253452301}}, {"word": "N", "bounding_box": {"width": 0.03271597996354103, "height": 0.0459257997572422, "rotation": 0, "roll": 0, "pitch": 0, "yaw": -0.3725101947784424, "top_left_x": 0.15495719015598297, "top_left_y": 0.4187265932559967}}, {"word": "B", "bounding_box": {"width": 0.029323827475309372, "height": 0.04416869953274727, "rotation": 0, "roll": 0, "pitch": 0, "yaw": 0, "top_left_x": 0.03338093310594559, "top_left_y": 0.44899266958236694}}]}, {"image_id": "1a8d4bedfde14995", "ocr_tokens": ["95", "2SG3", "Skylar", "snkc.", "up", "ADRT", "AESAU"], "ocr_info": [{"word": "95", "bounding_box": {"width": 0.05156555026769638, "height": 0.051609549671411514, "rotation": 0, "roll": 0, "pitch": 0, "yaw": 0.7450203895568848, "top_left_x": 0.5438967347145081, "top_left_y": 0.031294722110033035}}, {"word": "2SG3", "bounding_box": {"width": 0.0750645101070404, "height": 0.04638724774122238, "rotation": 0, "roll": 0, "pitch": 0, "yaw": 0.3725101947784424, "top_left_x": 0.12024470418691635, "top_left_y": 0.35373568534851074}}, {"word": "Skylar", "bounding_box": {"width": 0.15784905850887299, "height": 0.08327782899141312, "rotation": 0, "roll": 0, "pitch": 0, "yaw": 2.607571601867676, "top_left_x": 0.21533602476119995, "top_left_y": 0.2932356595993042}}, {"word": "snkc.", "bounding_box": {"width": 0.04511520266532898, "height": 0.06303435564041138, "rotation": 0, "roll": 0, "pitch": 0, "yaw": 0.7450203895568848, "top_left_x": 0.24925124645233154, "top_left_y": 0.48595908284187317}}, {"word": "up", "bounding_box": {"width": 0.028355712071061134, "height": 0.04968881234526634, "rotation": 0, "roll": 0, "pitch": 0, "yaw": -0.7450203895568848, "top_left_x": 0.7990362644195557, "top_left_y": 0.8279559016227722}}, {"word": "ADRT", "bounding_box": {"width": 0.04796783626079559, "height": 0.11021366715431213, "rotation": 0, "roll": 0, "pitch": 0, "yaw": 0, "top_left_x": 0.8003144264221191, "top_left_y": 0.8291404843330383}}, {"word": "AESAU", "bounding_box": {"width": 0.038658905774354935, "height": 0.07132228463888168, "rotation": 0, "roll": 0, "pitch": 0, "yaw": -0.3725101947784424, "top_left_x": 0.7762566208839417, "top_left_y": 0.9137043356895447}}]}, {"image_id": "1a6ac5286874b160", "ocr_tokens": ["TOD"], "ocr_info": [{"word": "TOD", "bounding_box": {"width": 0.08679292351007462, "height": 0.15940898656845093, "rotation": 0, "roll": 0, "pitch": 0, "yaw": 43.97732925415039, "top_left_x": 0.44180217385292053, "top_left_y": 0.3309696614742279}}]}, {"image_id": "1aa93961e64cf814", "ocr_tokens": ["186", "186", "3G", "#X", "2009*", "10F", "B.", "5.30*285", "Estam", "186R8", "$NLAE.3", "32#8830", "254****", "NEMAOHRANE", "AATE", "12210010.cm", "F5R9SS2", "KERES00S0", "*80E1001S"], "ocr_info": [{"word": "186", "bounding_box": {"width": 0.14931775629520416, "height": 0.05999999865889549, "rotation": 0, "roll": 0, "pitch": 0, "yaw": -5.960163116455078, "top_left_x": 0.29858988523483276, "top_left_y": 0.35279205441474915}}, {"word": "186", "bounding_box": {"width": 0.1409810334444046, "height": 0.062015458941459656, "rotation": 0, "roll": 0, "pitch": 0, "yaw": -0.3725101947784424, "top_left_x": 0.5005553960800171, "top_left_y": 0.5317248106002808}}, {"word": "3G", "bounding_box": {"width": 0.23994626104831696, "height": 0.051237333565950394, "rotation": 0, "roll": 0, "pitch": 0, "yaw": 0, "top_left_x": 0.19031108915805817, "top_left_y": 0.6731253862380981}}, {"word": "#X", "bounding_box": {"width": 0.2948535084724426, "height": 0.05938369780778885, "rotation": 0, "roll": 0, "pitch": 0, "yaw": 0, "top_left_x": 0.4774615466594696, "top_left_y": 0.6726453304290771}}, {"word": "2009*", "bounding_box": {"width": 0.05959783121943474, "height": 0.01697494462132454, "rotation": 0, "roll": 0, "pitch": 0, "yaw": 0, "top_left_x": 0.18645934760570526, "top_left_y": 0.7307784557342529}}, {"word": "10F", "bounding_box": {"width": 0.03931167721748352, "height": 0.017554473131895065, "rotation": 0, "roll": 0, "pitch": 0, "yaw": 0.7450203895568848, "top_left_x": 0.24453072249889374, "top_left_y": 0.728925883769989}}, {"word": "B.", "bounding_box": {"width": 0.03459177538752556, "height": 0.0174407958984375, "rotation": 0, "roll": 0, "pitch": 0, "yaw": 0, "top_left_x": 0.28502750396728516, "top_left_y": 0.7307087779045105}}, {"word": "5.30*285", "bounding_box": {"width": 0.2949882745742798, "height": 0.018442383036017418, "rotation": 0, "roll": 0, "pitch": 0, "yaw": 0.3725101947784424, "top_left_x": 0.3228133022785187, "top_left_y": 0.7308498620986938}}, {"word": "Estam", "bounding_box": {"width": 0.07242472469806671, "height": 0.015481262467801571, "rotation": 0, "roll": 0, "pitch": 0, "yaw": 0.3725101947784424, "top_left_x": 0.5459709763526917, "top_left_y": 0.7326228618621826}}, {"word": "186R8", "bounding_box": {"width": 0.13229899108409882, "height": 0.014865265227854252, "rotation": 0, "roll": 0, "pitch": 0, "yaw": 0.3725101947784424, "top_left_x": 0.6276863813400269, "top_left_y": 0.7327320575714111}}, {"word": "$NLAE.3", "bounding_box": {"width": 0.09617945551872253, "height": 0.012095946818590164, "rotation": 0, "roll": 0, "pitch": 0, "yaw": 0, "top_left_x": 0.22769732773303986, "top_left_y": 0.8233663439750671}}, {"word": "32#8830", "bounding_box": {"width": 0.14055795967578888, "height": 0.013994446024298668, "rotation": 0, "roll": 0, "pitch": 0, "yaw": -0.3725101947784424, "top_left_x": 0.34476760029792786, "top_left_y": 0.8231035470962524}}, {"word": "254****", "bounding_box": {"width": 0.07606811076402664, "height": 0.011690368875861168, "rotation": 0, "roll": 0, "pitch": 0, "yaw": 0.3725101947784424, "top_left_x": 0.5547532439231873, "top_left_y": 0.8426656723022461}}, {"word": "NEMAOHRANE", "bounding_box": {"width": 0.108062744140625, "height": 0.013077392242848873, "rotation": 0, "roll": 0, "pitch": 0, "yaw": 0, "top_left_x": 0.6406741142272949, "top_left_y": 0.842414379119873}}, {"word": "AATE", "bounding_box": {"width": 0.0529877208173275, "height": 0.014164886437356472, "rotation": 0, "roll": 0, "pitch": 0, "yaw": 0, "top_left_x": 0.35686978697776794, "top_left_y": 0.8606401085853577}}, {"word": "12210010.cm", "bounding_box": {"width": 0.07606811076402664, "height": 0.014270324259996414, "rotation": 0, "roll": 0, "pitch": 0, "yaw": 0, "top_left_x": 0.5486072301864624, "top_left_y": 0.8830053806304932}}, {"word": "F5R9SS2", "bounding_box": {"width": 0.08390482515096664, "height": 0.012247619219124317, "rotation": 0, "roll": 0, "pitch": 0, "yaw": 0, "top_left_x": 0.6364783048629761, "top_left_y": 0.8834230303764343}}, {"word": "KERES00S0", "bounding_box": {"width": 0.07670745998620987, "height": 0.015514221042394638, "rotation": 0, "roll": 0, "pitch": 0, "yaw": 0.7450203895568848, "top_left_x": 0.6627768874168396, "top_left_y": 0.9153437614440918}}, {"word": "*80E1001S", "bounding_box": {"width": 0.07056549191474915, "height": 0.014568787068128586, "rotation": 0, "roll": 0, "pitch": 0, "yaw": 0.7450203895568848, "top_left_x": 0.7482782602310181, "top_left_y": 0.9164338111877441}}]}], "dataset_type": "val", "dataset_name": "textvqa_rosetta_ocr", "dataset_version": 0.2}